{"cameraMode":{"drawMode":0,"name":"Shaded","section":"Shading Mode"},"sceneLighting":true,"audioPlay":false,"sceneViewState":{"m_AlwaysRefresh":false,"showFog":true,"showSkybox":true,"showFlares":true,"showImageEffects":true,"showParticleSystems":true,"showVisualEffectGraphs":true,"m_FxEnabled":true},"in2DMode":false,"pivot":{"x":-0.03032217174768448,"y":0.8269540667533875,"z":-1.6520553827285767},"rotation":{"x":-0.1499892771244049,"y":0.7259517908096314,"z":-0.16753755509853364,"w":-0.6499282717704773},"size":4.339300155639648,"orthographic":false}