{"cameraMode":{"drawMode":0,"name":"Shaded","section":"Shading Mode"},"sceneLighting":true,"audioPlay":false,"sceneViewState":{"m_AlwaysRefresh":false,"showFog":true,"showSkybox":true,"showFlares":true,"showImageEffects":true,"showParticleSystems":true,"showVisualEffectGraphs":true,"m_FxEnabled":true},"in2DMode":false,"pivot":{"x":6.787378787994385,"y":0.9002706408500671,"z":-1.9633718729019166},"rotation":{"x":-0.18375281989574433,"y":-0.005317597184330225,"z":0.0009370699408464134,"w":-0.9829374551773071},"size":0.7752873301506043,"orthographic":false}